1/12/2014,Completed,3/19/2014,14-00051357,Pot Hole in Street,Final Outcome,Pothole Patched,8,713 W ARMITAGE AVE,60614,1171147.27,1913532.41,43,18,7,,41.91809572,-87.64666989,"(41.918095723003404, -87.64666989234411)"
1/12/2014,Completed - Dup,1/15/2014,14-00049411,Pot Hole in Street,,,,10535 S TALMAN AVE,60655,1160428.021,1834670.51,19,22,72,,41.70162078,-87.68801569,"(41.70162078394998, -87.68801569013343)"
1/12/2014,Completed,1/15/2014,14-00050627,Pot Hole in Street,Final Outcome,Pothole Patched,1,3000 W BELDEN AVE,60647,1155989.807,1915257.347,35,14,22,,41.92336814,-87.7023786,"(41.923368142975, -87.70237860106779)"
1/12/2014,Completed,1/15/2014,14-00050578,Pot Hole in Street,Final Outcome,Pothole Patched,32,4400 N AVERS AVE,60625,1149932.978,1928964.21,39,17,14,,41.96101162,-87.72430588,"(41.96101162425132, -87.72430587803062)"
1/12/2014,Completed,1/15/2014,14-00050575,Pot Hole in Street,Final Outcome,Pothole Patched,18,3900 W WILSON AVE,60625,1149563.336,1930284.662,39,17,14,,41.96473153,-87.72554602,"(41.96473152744821, -87.7255460165668)"
1/12/2014,Completed,1/15/2014,14-00050552,Pot Hole in Street,Final Outcome,Pothole Patched,5,11110 S STATE LINE RD,60617,1205114.03,1831913.74,10,4,52,,41.69324236,-87.52479441,"(41.693242360822595, -87.52479441367583)"
1/12/2014,Completed - Dup,1/15/2014,14-00050261,Pot Hole in Street,,,,4773 N KARLOV AVE,60630,1148203.783,1931344.714,39,17,14,,41.96774333,-87.73030587,"(41.96774332849519, -87.73030586643371)"
1/12/2014,Completed - Dup,1/15/2014,14-00049198,Pot Hole in Street,,,,10300 S KEDZIE AVE,60655,1156826.365,1836156.223,19,22,74,,41.70608296,-87.70146672,"(41.70608295954268, -87.70146671843929)"
1/12/2014,Completed,1/15/2014,14-00050724,Pot Hole in Street,Final Outcome,Pothole Patched,16,10400 S KEDZIE AVE,60655,1156843.083,1835491.314,19,22,74,,41.7042594,-87.70142524,"(41.70425939707223, -87.70142524110821)"
1/12/2014,Completed,1/15/2014,14-00050629,Pot Hole in Street,Final Outcome,Pothole Patched,0,3000 W LYNDALE ST,60647,1155999.722,1914938.927,35,14,22,,41.92249267,-87.70235877,"(41.92249266994513, -87.70235877406888)"
1/12/2014,Completed - Dup,1/15/2014,14-00049152,Pot Hole in Street,,,,7030 N RIDGE BLVD,60645,1161216.528,1946814.18,50,24,2,,42.00969342,-87.68231191,"(42.00969342451876, -87.68231190564644)"
1/12/2014,Completed - Dup,1/15/2014,14-00049102,Pot Hole in Street,,,,3100 S WESTERN AVE,60608,1160917.217,1884178.149,12,9,31,,41.8377949,-87.68514875,"(41.83779489972262, -87.68514875102693)"
1/12/2014,Completed - Dup,1/15/2014,14-00050256,Pot Hole in Street,,,,5116 N MELVINA AVE,60630,1133881.246,1933514.436,45,16,11,,41.97428242,-87.78320511,"(41.97428241607327, -87.78320511281422)"
1/12/2014,Completed - Dup,1/15/2014,14-00049795,Pot Hole in Street,,,,4209 W 59TH ST,60629,1149281.844,1865146.887,13,8,65,,41.78577155,-87.7282771,"(41.785771550895575, -87.72827709696796)"
1/12/2014,Completed - Dup,1/15/2014,14-00049788,Pot Hole in Street,,,,12500 S AVENUE O,60633,1201300.733,1822577.877,10,4,55,,41.66783335,-87.53908706,"(41.667833354848966, -87.53908705990808)"
1/12/2014,Completed - Dup,1/15/2014,14-00049449,Pot Hole in Street,,,,9500 S EGGLESTON AVE,60628,1175174.134,1841913.12,21,22,73,,41.72153995,-87.63411079,"(41.72153994541281, -87.63411078933575)"
1/12/2014,Completed - Dup,1/15/2014,14-00049472,Pot Hole in Street,,,,9500 S PEORIA ST,60643,1171986.909,1841829.605,21,22,73,,41.72131873,-87.64578451,"(41.72131872795677, -87.64578450832425)"
1/12/2014,Completed - Dup,1/15/2014,14-00050147,Pot Hole in Street,,,,4400 W JACKSON BLVD,60624,1147102.728,1898323.782,28,11,26,,41.87707459,-87.73547397,"(41.87707458761635, -87.73547396831111)"
1/12/2014,Completed - Dup,1/15/2014,14-00049917,Pot Hole in Street,,,,4615 N LEAVITT ST,60625,1160857.372,1930651.344,47,19,4,,41.96553161,-87.68380335,"(41.965531614617824, -87.68380335138971)"
1/12/2014,Completed - Dup,1/15/2014,14-00049908,Pot Hole in Street,,,,7600 S STATE ST,60619,1177592.444,1854632.975,6,6,69,,41.75640041,-87.62486969,"(41.756400406672974, -87.62486968589552)"
1/12/2014,Completed - Dup,1/15/2014,14-00050059,Pot Hole in Street,,,,355 E WACKER SUB DR,60601,1178780.063,1902437.222,42,1,32,,41.8874166,-87.61822683,"(41.88741659636377, -87.61822683114188)"
1/12/2014,Completed - Dup,1/15/2014,14-00049994,Pot Hole in Street,,,,7600 S DR MARTIN LUTHER KING JR DR,60619,1180222.633,1854707.814,6,6,69,,41.75649015,-87.61522679,"(41.75649014936801, -87.61522679361019)"
1/12/2014,Completed - Dup,1/15/2014,14-00050486,Pot Hole in Street,,,,3100 S WESTERN AVE,60608,1160917.217,1884178.149,12,9,31,,41.8377949,-87.68514875,"(41.83779489972262, -87.68514875102693)"
1/12/2014,Completed - Dup,1/15/2014,14-00050414,Pot Hole in Street,,,,100 E 77TH ST,60619,1178487.901,1853988.707,6,6,69,,41.75476056,-87.62138496,"(41.754760559789894, -87.62138495607927)"
1/12/2014,Completed - Dup,1/15/2014,14-00050298,Pot Hole in Street,,,,2200 S WESTERN AVE,60608,1160708.918,1889336.011,25,10,31,,41.85198384,-87.6857857,"(41.85198383957328, -87.68578570420526)"
1/12/2014,Completed - Dup,1/15/2014,14-00050398,Pot Hole in Street,,,,7000 N RIDGE BLVD,60645,1161295.77,1946529.18,50,24,2,,42.00898289,-87.68205466,"(42.00898288871232, -87.68205465603944)"
1/12/2014,Completed - Dup,1/15/2014,14-00050668,Pot Hole in Street,,,,5112 N MELVINA AVE,60630,1133882.646,1933640.536,45,16,11,,41.97416777,-87.78320799,"(41.97416776600826, -87.7832079896648)"
1/12/2014,Completed - Dup,1/15/2014,14-00050623,Pot Hole in Street,,,,2624 N KEDZIE AVE,60647,1154587.22,1917354.561,35,14,22,,41.92913749,-87.70743598,"(41.9291374867828, -87.70743597551612)"
1/12/2014,Completed - Dup,1/31/2014,14-00049106,Pot Hole in Street,,,,7600 N GREENVIEW AVE,60626,1164974.967,1950348.88,49,24,1,19,42.01945249,-87.6683939,"(42.0194524874713, -87.66839390183132)"
1/12/2014,Completed - Dup,1/31/2014,14-00049758,Pot Hole in Street,,,,2399 W POLK ST,60612,1160511.748,1896366.59,25,12,28,,41.87121975,-87.68610523,"(41.87121975477533, -87.68610522610932)"
1/12/2014,Completed - Dup,1/31/2014,14-00051080,Pot Hole in Street,,,,3900 N KILPATRICK AVE,60641,1144369.181,1925500.984,38,17,15,28,41.95160311,-87.74484872,"(41.95160311090978, -87.74484871556533)"
1/12/2014,Completed,1/31/2014,14-00049932,Pot Hole in Street,Final Outcome,Pothole Patched,21,519 E 91ST ST,60619,1181297.37,1844754.45,6,6,44,,41.72914049,-87.6111136,"(41.72914049186145, -87.6111136003379)"
1/12/2014,Completed,1/31/2014,14-00049644,Pot Hole in Street,Final Outcome,Pothole Patched,1,2111 S SPAULDING AVE,60623,1154686.792,1889749.628,24,10,30,,41.85316834,-87.70758463,"(41.85316833819432, -87.7075846317301)"
1/12/2014,Completed,1/31/2014,14-00049465,Pot Hole in Street,Final Outcome,Pothole Patched,1,9600 S INDIANA AVE,60628,1179273.875,1841364.059,6,5,49,,41.71989484,-87.61910964,"(41.71989484008039, -87.6191096397566)"
1/12/2014,Completed,1/31/2014,14-00049479,Pot Hole in Street,Final Outcome,Completed Upon Arrival,0,6800 S ANTHONY AVE,60637,1180095.065,1859855.357,20,3,69,,41.77056905,-87.61540599,"(41.770569046185535, -87.61540598763312)"
1/12/2014,Completed,1/31/2014,14-00049477,Pot Hole in Street,Final Outcome,Pothole Patched,28,1600 W 83RD ST,60620,1167118.064,1849680.24,21,6,71,,41.74318417,-87.66331939,"(41.74318416988094, -87.66331939128622)"
1/12/2014,Completed,1/31/2014,14-00051460,Pot Hole in Street,Final Outcome,Pothole Patched,8,1915 W DIVERSEY PKWY,60614,1163100.62,1918609.685,32,19,7,,41.93220495,-87.67578618,"(41.93220494995952, -87.67578617958597)"
1/12/2014,Completed,1/31/2014,14-00050297,Pot Hole in Street,Final Outcome,Pothole Patched,28,5832 W 51ST ST,0,1138226.37,1870201.482,0,0,0,,41.80006881,-87.76864284,"(41.80006881334553, -87.76864284017438)"
1/12/2014,Completed,1/31/2014,14-00050146,Pot Hole in Street,Final Outcome,Pothole Patched,12,3902 N KILPATRICK AVE,60641,1144406.2,1925554.098,38,17,15,28,41.95179842,-87.74485556,"(41.9517984233886, -87.74485555763364)"
1/12/2014,Completed,1/31/2014,14-00051447,Pot Hole in Street,Final Outcome,Completed Upon Arrival,0,5100 S CENTRAL AVE,60638,1139886.183,1870248.249,23,8,56,,41.79996165,-87.76267247,"(41.79996165008709, -87.76267246934076)"
1/12/2014,Completed,1/31/2014,14-00051389,Pot Hole in Street,Final Outcome,Pothole Patched,2,1 S LEAMINGTON AVE,60644,1142136.77,1899537.824,28,15,25,,41.88034425,-87.75340446,"(41.88034424675103, -87.75340445569805)"
1/12/2014,Completed,1/31/2014,14-00050442,Pot Hole in Street,Final Outcome,No Potholes Found,0,6700 S PRAIRIE AVE,60637,1179193.62,1860649.302,20,3,69,,41.77281754,-87.61881669,"(41.77281754341618, -87.61881669419559)"
1/12/2014,Completed - Dup,2/12/2014,14-00049432,Pot Hole in Street,Follow-on SR Update,Follow-on Pot Hole in Street Created,0,9500 S PERRY AVE,60628,1177283.521,1841968.1,21,5,49,,41.72159811,-87.62638208,"(41.72159811476376, -87.626382078193)"
1/12/2014,Completed,2/12/2014,14-00049706,Pot Hole in Street,Final Outcome,Pothole Patched,19,1200 N CENTRAL AVE,60651,1138788.984,1907442.678,29,25,25,,41.90218831,-87.7658015,"(41.90218831345844, -87.76580149695118)"
1/12/2014,Completed,2/26/2014,14-00049401,Pot Hole in Street,Final Outcome,Pothole Patched,30,7700 S SPAULDING AVE,60652,1155717.33,1853344.355,18,8,70,,41.75327708,-87.70507125,"(41.753277083709975, -87.70507125329262)"
1/12/2014,Completed - Dup,2/26/2014,14-00050544,Pot Hole in Street,,,,7955 S ELLIS AVE,60619,1184273.019,1852460.743,8,6,44,51,41.74971805,-87.60014648,"(41.749718054984534, -87.60014647995168)"
1/12/2014,Completed,2/12/2014,14-00051393,Pot Hole in Street,Final Outcome,Pothole Patched,1,4703 N SACRAMENTO AVE,60625,1155528.135,1931092.846,33,17,14,60,41.96681717,-87.70338492,"(41.96681716934785, -87.70338491672744)"
1/12/2014,Completed,1/21/2014,14-00051113,Pot Hole in Street,Final Outcome,Pothole Patched,10,2444 N KEDZIE BLVD,60647,1154621.362,1916318.767,35,14,22,,41.92628232,-87.70740998,"(41.92628232361911, -87.70740997595813)"
1/12/2014,Completed - Dup,1/14/2014,14-00050654,Pot Hole in Street,,,,8404 S JEFFERY BLVD,60617,1190983.771,1849615.505,8,4,45,,41.74231466,-87.57595533,"(41.742314655433084, -87.57595532588226)"
1/12/2014,Completed,1/21/2014,14-00050868,Pot Hole in Street,Final Outcome,Pothole Patched,14,6500 N ARTESIAN AVE,60645,1158804.925,1943070.641,50,24,2,,41.99961173,-87.69130098,"(41.9996117316941, -87.69130097748473)"
1/12/2014,Completed,1/21/2014,14-00050303,Pot Hole in Street,Final Outcome,Pothole Patched,82,1 W 31ST ST,60616,1176788.207,1884458.822,3,2,35,,41.83819011,-87.62682833,"(41.838190108314144, -87.62682833034859)"
1/12/2014,Completed,1/21/2014,14-00049776,Pot Hole in Street,Final Outcome,Pothole Patched,16,608 S LOTUS AVE,60644,1139978.316,1896751.405,29,15,25,,41.87255669,-87.76168531,"(41.872556685421, -87.7616853050656)"
1/12/2014,Completed - Dup,1/21/2014,14-00049024,Pot Hole in Street,,,,7500 S GREENWOOD AVE,60619,1184856.214,1855462.776,8,6,69,,41.7585019,-87.59822537,"(41.75850190058339, -87.59822536875414)"
1/12/2014,Completed,1/21/2014,14-00049448,Pot Hole in Street,Final Outcome,Pothole Patched,45,2210 N DAMEN AVE,60647,1162660.705,1914744.078,32,14,22,33,41.92172217,-87.67790911,"(41.92172217330613, -87.67790911052144)"
1/12/2014,Completed - Dup,1/21/2014,14-00050611,Pot Hole in Street,,,,608 S LOTUS AVE,60644,1139978.316,1896751.405,29,15,25,,41.87255669,-87.76168531,"(41.872556685421, -87.7616853050656)"
1/12/2014,Completed - Dup,1/21/2014,14-00050975,Pot Hole in Street,,,,853 W 87TH ST,60620,1171947.361,1847155.753,21,22,71,,41.73593412,-87.64568689,"(41.73593411981037, -87.64568688645298)"
1/12/2014,Completed - Dup,1/21/2014,14-00050681,Pot Hole in Street,,,,3900 S ASHLAND AVE,60609,1166251.364,1878852.78,12,9,61,,41.82302766,-87.66574403,"(41.82302765703953, -87.66574403109463)"
1/12/2014,Completed - Dup,1/14/2014,14-00050561,Pot Hole in Street,,,,4700 S WESTERN AVE,60609,1161159.938,1873448.617,12,9,58,,41.80837841,-87.68457072,"(41.808378407946726, -87.68457071689552)"
1/12/2014,Completed,2/4/2014,14-00050165,Pot Hole in Street,Final Outcome,Pothole Patched,6,6300 S ST LOUIS AVE,60629,1154153.81,1862620.313,15,8,66,3,41.7788046,-87.71055525,"(41.77880459651432, -87.71055524648862)"
1/12/2014,Completed - Dup,2/4/2014,14-00050364,Pot Hole in Street,,,,6228 W GIDDINGS ST,60630,1134000.383,1930897.027,38,16,15,,41.96669714,-87.78310389,"(41.96669714005278, -87.78310389411467)"
1/12/2014,Completed - Dup,1/29/2014,14-00049541,Pot Hole in Street,,,,9500 S CHARLES ST,60643,1166888.617,1841703.013,19,22,72,4,41.72106407,-87.6644131,"(41.72106407375094, -87.66441310190756)"
1/12/2014,Completed,2/4/2014,14-00050172,Pot Hole in Street,Final Outcome,Pothole Patched,6,5500 S MCVICKER AVE,60638,1136972.338,1867481.855,23,8,56,,41.79242379,-87.77342685,"(41.792423788008335, -87.77342685154944)"
1/12/2014,Completed,1/29/2014,14-00049632,Pot Hole in Street,Final Outcome,No Potholes Found,0,2700 S ELEANOR ST,60608,1167679.241,1886702.66,11,9,60,,41.84470775,-87.66029111,"(41.844707753952136, -87.66029110745197)"
1/12/2014,Completed - Dup,1/29/2014,14-00049710,Pot Hole in Street,,,,2398 E 71ST ST,60649,1193450.911,1858369.55,5,3,43,42,41.76642989,-87.56656188,"(41.76642988951877, -87.56656187830087)"
1/12/2014,Completed - Dup,1/29/2014,14-00049658,Pot Hole in Street,,,,802 W 51ST ST,60609,1171821.052,1871038.122,3,9,61,,41.80169195,-87.64554355,"(41.801691947249026, -87.64554355425578)"
1/12/2014,Completed,1/29/2014,14-00049554,Pot Hole in Street,Final Outcome,No Potholes Found,0,4032 W ADAMS ST,60624,1149545.551,1898706.537,28,11,26,,41.87807187,-87.72691889,"(41.87807187196309, -87.72691889039237)"
1/12/2014,Completed - Dup,1/29/2014,14-00050066,Pot Hole in Street,,,,2314 W ARMITAGE AVE,60647,1160567.576,1913230.494,32,14,22,33,41.91771098,-87.68564908,"(41.917710982642305, -87.68564908339475)"
1/12/2014,Completed,1/29/2014,14-00049256,Pot Hole in Street,Final Outcome,Pothole Patched,16,3617 W FIFTH AVE,60624,1152238.5,1897813.161,28,11,27,,41.87536774,-87.71642886,"(41.87536773895325, -87.71642885603305)"
1/12/2014,Completed - Dup,1/29/2014,14-00050302,Pot Hole in Street,,,,2000 S BLUE ISLAND AVE,60608,1166681.546,1890424.971,25,12,31,,41.85491889,-87.66384085,"(41.85491889414717, -87.66384085368946)"
1/12/2014,Completed,1/29/2014,14-00051105,Pot Hole in Street,Final Outcome,Pothole Patched,7,1700 S PAULINA ST,60608,1165311.464,1891789.343,25,12,31,,41.85861851,-87.66882279,"(41.85861850848041, -87.66882278916653)"
1/12/2014,Completed,1/29/2014,14-00050814,Pot Hole in Street,Final Outcome,Pothole Patched,5,330 S SPRINGFIELD AVE,60624,1150446.18,1898101.454,28,11,26,,41.87625239,-87.72322395,"(41.87625238871834, -87.72322394907499)"
1/12/2014,Completed,1/29/2014,14-00050002,Pot Hole in Street,Final Outcome,Pothole Patched,5,1550 W ROSCOE ST,60657,1165286.46,1922652.166,44,19,6,27,41.94345801,-87.66836994,"(41.94345801128759, -87.66836994187281)"
1/12/2014,Completed,1/29/2014,14-00051567,Pot Hole in Street,Final Outcome,Pothole Patched,7,901 E 133RD PL,60827,1184744.121,1817276.501,9,5,54,,41.65367428,-87.59952683,"(41.653674275065164, -87.59952683280298)"
1/12/2014,Completed,1/29/2014,14-00051571,Pot Hole in Street,Final Outcome,WM Sewer Cave In Inspection Transfer Outcome,0,901 E 132ND ST,60827,1184680.418,1818115.801,9,5,54,,41.65576224,-87.59986374,"(41.65576224380316, -87.59986374400056)"
1/12/2014,Completed - Dup,1/14/2014,14-00050375,Pot Hole in Street,,,,8700 S BLACKSTONE AVE,60619,1187639.53,1847590.253,8,4,48,50,41.73678605,-87.58827199,"(41.73678604679777, -87.58827199204208)"
1/12/2014,Completed,3/6/2014,14-00050679,Pot Hole in Street,Final Outcome,No Potholes Found,0,8000 S MORGAN ST,60620,1171034.74,1851777.619,21,6,71,,41.74865551,-87.64898485,"(41.74865551296734, -87.64898484717277)"
1/12/2014,Completed - Dup,1/16/2014,14-00049921,Pot Hole in Street,,,,9500 S WOOD ST,60643,1166035.366,1841680.571,19,22,72,4,41.72110053,-87.66759026,"(41.721100527432114, -87.66759026209412)"
1/12/2014,Completed - Dup,1/16/2014,14-00050306,Pot Hole in Street,,,,2400 W 31ST ST,60608,1160858.286,1884615.058,25,10,31,,41.83913933,-87.68539359,"(41.839139331694184, -87.68539358845226)"
1/12/2014,Completed - Dup,1/16/2014,14-00049912,Pot Hole in Street,,,,5900 S WESTERN AVE,60636,1161382.373,1865470.705,16,8,66,59,41.78643717,-87.68397525,"(41.78643717477366, -87.68397524648124)"
1/12/2014,Completed - Dup,1/16/2014,14-00050283,Pot Hole in Street,,,,1600 E 75TH ST,60649,1188222.163,1855572.073,8,3,43,42,41.75887774,-87.58568244,"(41.758877741252476, -87.58568244093195)"
1/12/2014,Completed - Dup,1/16/2014,14-00050057,Pot Hole in Street,,,,1600 W ROSCOE ST,60657,1165049.193,1922645.042,32,19,6,27,41.94345268,-87.66882573,"(41.94345267726219, -87.66882572813357)"
1/12/2014,Completed - Dup,1/16/2014,14-00049976,Pot Hole in Street,,,,6700 S WESTERN AVE,60636,1161527.816,1860169.188,15,8,66,14,41.77188403,-87.6835884,"(41.77188402771193, -87.68358840206334)"
1/12/2014,Completed - Dup,1/16/2014,14-00049945,Pot Hole in Street,,,,5500 S NARRAGANSETT AVE,60638,1134648.924,1867404.943,23,8,56,,41.79225425,-87.7819491,"(41.792254249339116, -87.78194909815127)"
1/12/2014,Completed - Dup,1/16/2014,14-00049950,Pot Hole in Street,,,,3500 W AUGUSTA BLVD,60651,1152859.512,1906441.378,27,11,23,,41.8992393,-87.71405834,"(41.89923929789626, -87.71405833899912)"
1/12/2014,Completed - Dup,1/16/2014,14-00050265,Pot Hole in Street,,,,3400 W AUGUSTA BLVD,60651,1153523.929,1906453.219,27,11,23,,41.89925815,-87.7116191,"(41.899258154128795, -87.71161909813222)"
1/12/2014,Completed - Dup,1/16/2014,14-00050069,Pot Hole in Street,,,,3500 S RACINE AVE,60609,1168919.991,1881596.567,11,9,60,13,41.83051659,-87.65586925,"(41.8305165939643, -87.65586925173069)"
1/12/2014,Completed - Dup,1/16/2014,14-00050171,Pot Hole in Street,,,,7500 S STONY ISLAND AVE,60649,1188113.603,1855569.997,5,4,43,42,41.75871547,-87.58628096,"(41.758715466706086, -87.58628096484384)"
1/12/2014,Completed - Dup,1/16/2014,14-00050142,Pot Hole in Street,,,,4700 S HOYNE AVE,60609,1163151.46,1873491.713,12,9,61,,41.80840728,-87.67726298,"(41.808407279118796, -87.67726297618435)"
1/12/2014,Completed - Dup,1/16/2014,14-00050445,Pot Hole in Street,,,,1600 E 76TH ST,60649,1188241.059,1854909.533,8,4,43,42,41.75705939,-87.58563502,"(41.75705939215641, -87.58563502377949)"
1/12/2014,Completed - Dup,1/16/2014,14-00050311,Pot Hole in Street,,,,3100 S CALIFORNIA AVE,60608,1158190.474,1883989.269,12,10,30,,41.83727705,-87.69517225,"(41.837277050366296, -87.69517224651918)"
1/12/2014,Completed - Dup,1/16/2014,14-00050443,Pot Hole in Street,,,,1600 E 75TH ST,60649,1188222.163,1855572.073,8,3,43,42,41.75887774,-87.58568244,"(41.758877741252476, -87.58568244093195)"
1/12/2014,Completed - Dup,1/16/2014,14-00050313,Pot Hole in Street,,,,1600 N HALSTED ST,60614,1170718.485,1910873.651,43,18,7,,41.91094064,-87.64841904,"(41.91094064391597, -87.64841904272998)"
1/12/2014,Completed - Dup,1/16/2014,14-00050416,Pot Hole in Street,,,,1600 W ROSCOE ST,60657,1165049.193,1922645.042,32,19,6,27,41.94345268,-87.66882573,"(41.94345267726219, -87.66882572813357)"
1/12/2014,Completed - Dup,1/16/2014,14-00050404,Pot Hole in Street,,,,3500 W AUGUSTA BLVD,60651,1152859.512,1906441.378,27,11,23,,41.8992393,-87.71405834,"(41.89923929789626, -87.71405833899912)"
1/12/2014,Completed - Dup,1/16/2014,14-00050594,Pot Hole in Street,,,,1648 W ROSCOE ST,60657,1164638.856,1922634.125,32,19,6,27,41.94342567,-87.67071642,"(41.943425673751754, -87.670716420398)"
1/12/2014,Completed - Dup,1/16/2014,14-00050551,Pot Hole in Street,,,,5900 S NARRAGANSETT AVE,60638,1134738.734,1864731.504,23,8,64,,41.78495121,-87.781684,"(41.78495120989203, -87.78168400386181)"
1/12/2014,Completed - Dup,1/16/2014,14-00050545,Pot Hole in Street,,,,2047 W LUNT AVE,60645,1161309.402,1946486.791,49,24,1,,42.00873649,-87.68175419,"(42.008736488428745, -87.68175418799855)"
1/12/2014,Completed - Dup,1/16/2014,14-00050617,Pot Hole in Street,,,,7500 S STONY ISLAND AVE,60649,1188113.603,1855569.997,5,4,43,42,41.75871547,-87.58628096,"(41.758715466706086, -87.58628096484384)"
1/12/2014,Completed - Dup,1/16/2014,14-00050923,Pot Hole in Street,,,,3500 S MORGAN ST,60609,1170216.979,1881630.579,11,9,60,13,41.83063276,-87.65111403,"(41.83063275689864, -87.6511140260967)"
1/12/2014,Completed - Dup,1/16/2014,14-00050912,Pot Hole in Street,,,,12700 S AVENUE O,60633,1201126.431,1821382.839,10,4,55,,41.66455619,-87.53976503,"(41.66455618715663, -87.53976503020358)"
1/12/2014,Completed,1/17/2014,14-00049353,Pot Hole in Street,Final Outcome,Pothole Patched,6,7900 S EXCHANGE AVE,60617,1197204.65,1853152.883,7,4,46,49,41.7518179,-87.55304422,"(41.75181789877268, -87.55304422367072)"
1/12/2014,Completed,1/13/2014,14-00048979,Pot Hole in Street,Final Outcome,Pothole Patched,74,10009 S VAN VLISSINGEN RD,60617,1192056.151,1839020.881,7,4,51,,41.71318997,-87.57196803,"(41.713189972238524, -87.5719680336257)"
1/12/2014,Completed - Dup,1/17/2014,14-00049169,Pot Hole in Street,,,,1625 W 69TH ST,60636,1166598.405,1858954.648,17,7,67,,41.7684246,-87.66498366,"(41.768424601236106, -87.66498365843563)"
1/12/2014,Completed,3/6/2014,14-00050944,Pot Hole in Street,Final Outcome,Pothole Patched,89,1616 N LEAVITT ST,60647,1161440.344,1910784.16,1,14,24,33,41.91087961,-87.68250652,"(41.91087961029976, -87.68250651909992)"
1/12/2014,Completed,1/24/2014,14-00050699,Pot Hole in Street,Final Outcome,Pothole Patched,1,4300 S COTTAGE GROVE AVE,60653,1182322.043,1876674.731,4,2,38,47,41.81672163,-87.60685357,"(41.81672162610092, -87.60685356507798)"
1/12/2014,Completed - Dup,1/17/2014,14-00049137,Pot Hole in Street,,,,3900 W 83RD ST,60652,1151839.704,1849253.578,18,8,70,,41.74232592,-87.71936971,"(41.74232592311421, -87.71936970731853)"
1/12/2014,Completed,1/17/2014,14-00049219,Pot Hole in Street,Final Outcome,Pothole Patched,3,7199 N CALDWELL AVE,60646,1132254.528,1947432.421,41,16,12,,42.01195928,-87.7885167,"(42.01195927666861, -87.78851670301717)"
1/12/2014,Completed - Dup,1/17/2014,14-00051334,Pot Hole in Street,,,,11600 S MICHIGAN AVE,60628,1178924.506,1827720.931,9,5,53,40,41.68250991,-87.6208034,"(41.68250990843376, -87.62080340282495)"
1/12/2014,Completed - Dup,1/17/2014,14-00049386,Pot Hole in Street,,,,5400 S WOODLAWN AVE,60615,1185133.638,1869837.952,4,2,41,,41.7979139,-87.59675542,"(41.797913895490524, -87.59675541800411)"
1/12/2014,Completed - Dup,1/17/2014,14-00049993,Pot Hole in Street,,,,7900 S CICERO AVE,0,1145787.141,1851735.899,0,0,0,,41.74905036,-87.74149641,"(41.74905036357782, -87.74149640924499)"
1/12/2014,Completed,1/17/2014,14-00049215,Pot Hole in Street,Final Outcome,Pothole Patched,5,6409 W 62ND ST,60638,1134711.624,1862723.834,23,8,64,,41.77939136,-87.78175628,"(41.77939135543674, -87.7817562795526)"
1/12/2014,Completed - Dup,1/17/2014,14-00049244,Pot Hole in Street,,,,2499 S ARCHER AVE,60616,1171389.539,1887657.498,11,9,60,,41.84713453,-87.64635394,"(41.84713453037924, -87.64635394054048)"
1/12/2014,Completed - Dup,1/17/2014,14-00049861,Pot Hole in Street,,,,13026 S AVENUE O,60633,1201068.62,1819203.752,10,4,55,,41.65830451,-87.54002976,"(41.65830451087849, -87.54002975503877)"
1/12/2014,Completed - Dup,1/17/2014,14-00049425,Pot Hole in Street,,,,5457 S WOODLAWN AVE,60615,1185148.747,1869242.33,4,2,41,,41.79629986,-87.59642393,"(41.7962998587538, -87.59642393289404)"
1/12/2014,Completed - Dup,1/17/2014,14-00049413,Pot Hole in Street,,,,734 S LARAMIE AVE,60644,1141840.274,1896129.693,29,15,25,,41.8709952,-87.7548707,"(41.87099519887106, -87.75487069561456)"
1/12/2014,Completed - Dup,1/17/2014,14-00049399,Pot Hole in Street,,,,6658 N AVONDALE AVE,60631,1124444.789,1943437.13,41,16,9,,42.0011364,-87.81773939,"(42.00113639513847, -87.81773939250448)"
1/12/2014,Completed - Dup,1/17/2014,14-00049822,Pot Hole in Street,,,,13026 S AVENUE O,60633,1201068.62,1819203.752,10,4,55,,41.65830451,-87.54002976,"(41.65830451087849, -87.54002975503877)"
1/12/2014,Completed - Dup,1/17/2014,14-00049438,Pot Hole in Street,,,,3000 W CORNELIA AVE,60618,1155728.111,1923095.378,33,17,21,,41.94488241,-87.70306366,"(41.944882408925174, -87.70306366423605)"
1/12/2014,Completed - Dup,1/17/2014,14-00049767,Pot Hole in Street,,,,2830 W MONTROSE AVE,60618,1156587.861,1929103.584,33,17,14,60,41.96135119,-87.69974995,"(41.961351187130525, -87.69974994716902)"
1/12/2014,Completed - Dup,1/17/2014,14-00051232,Pot Hole in Street,,,,11321 S AVENUE O,60617,1200905.666,1830501.489,10,4,52,,41.68939059,-87.53995483,"(41.68939059080027, -87.53995482661126)"
1/12/2014,Completed - Dup,1/17/2014,14-00050005,Pot Hole in Street,,,,7600 S CICERO AVE,0,1145725.9,1853749.436,0,0,0,,41.75465492,-87.74167786,"(41.75465491949761, -87.7416778641875)"
1/12/2014,Completed - Dup,1/17/2014,14-00050389,Pot Hole in Street,,,,700 S CENTRAL AVE,60644,1139157.39,1896392.05,29,15,25,,41.87178124,-87.76471429,"(41.87178124117043, -87.76471429093844)"
1/12/2014,Completed - Dup,1/17/2014,14-00050300,Pot Hole in Street,,,,700 S CENTRAL AVE,60644,1139157.39,1896392.05,29,15,25,,41.87178124,-87.76471429,"(41.87178124117043, -87.76471429093844)"
1/12/2014,Completed - Dup,1/17/2014,14-00050014,Pot Hole in Street,,,,4700 S COTTAGE GROVE AVE,60615,1182383.447,1874021.894,4,2,38,47,41.80948543,-87.60671082,"(41.809485427538256, -87.60671081843334)"
1/12/2014,Completed - Dup,1/17/2014,14-00050158,Pot Hole in Street,,,,8658 S CICERO AVE,0,1145903.191,1846407.781,0,0,0,,41.73455353,-87.74121132,"(41.734553525999075, -87.74121132323508)"
1/12/2014,Completed - Dup,1/17/2014,14-00050156,Pot Hole in Street,,,,13000 S AVENUE O,60633,1201066.72,1819378.752,10,4,55,,41.65904258,-87.54003356,"(41.65904257819912, -87.54003355895414)"
1/12/2014,Completed - Dup,1/17/2014,14-00050722,Pot Hole in Street,,,,734 S LARAMIE AVE,60644,1141840.274,1896129.693,29,15,25,,41.8709952,-87.7548707,"(41.87099519887106, -87.75487069561456)"
1/12/2014,Completed - Dup,1/17/2014,14-00050716,Pot Hole in Street,,,,7912 S CICERO AVE,0,1145789.841,1851655.999,0,0,0,,41.74871749,-87.74146659,"(41.74871748506903, -87.74146659260363)"
1/12/2014,Completed - Dup,1/17/2014,14-00050807,Pot Hole in Street,,,,5600 W OB EISENHOWER EXPY,60644,1139177.709,1896203.179,29,15,25,,41.87138649,-87.76466157,"(41.87138649282747, -87.76466156804892)"
1/12/2014,Completed - Dup,1/17/2014,14-00050802,Pot Hole in Street,,,,3000 W CORNELIA AVE,60618,1155728.111,1923095.378,33,17,21,,41.94488241,-87.70306366,"(41.944882408925174, -87.70306366423605)"
1/12/2014,Completed - Dup,1/17/2014,14-00050729,Pot Hole in Street,,,,7900 S CICERO AVE,0,1145787.141,1851735.899,0,0,0,,41.74905036,-87.74149641,"(41.74905036357782, -87.74149640924499)"
1/12/2014,Completed - Dup,1/17/2014,14-00051462,Pot Hole in Street,,,,5500 W FLOURNOY ST,60644,1139989.75,1896418.705,29,15,25,,41.87198087,-87.76159039,"(41.871980865426266, -87.76159039294478)"
1/12/2014,Completed - Dup,1/17/2014,14-00051471,Pot Hole in Street,,,,734 S LARAMIE AVE,60644,1141840.274,1896129.693,29,15,25,,41.8709952,-87.7548707,"(41.87099519887106, -87.75487069561456)"
1/12/2014,Completed,1/17/2014,14-00049327,Pot Hole in Street,Final Outcome,Pothole Patched,50,3500 W 64TH ST,60629,1154171.285,1861953.421,15,8,66,,41.77713083,-87.71048338,"(41.777130828879855, -87.71048338151894)"
1/12/2014,Completed,1/17/2014,14-00049304,Pot Hole in Street,Final Outcome,Pothole Patched,31,7405 N OKETO AVE,60631,1126064.175,1948601.744,41,16,9,,42.01542254,-87.81132522,"(42.01542253596599, -87.81132522455891)"
1/12/2014,Completed,1/17/2014,14-00049913,Pot Hole in Street,Final Outcome,Pothole Patched,13,5100 W LAWRENCE AVE,60630,1141514.743,1931436.518,45,16,11,,41.96804551,-87.7550764,"(41.968045507172384, -87.75507640074235)"
1/12/2014,Completed - Dup,1/16/2014,14-00049830,Pot Hole in Street,,,,7147 W WAVELAND AVE,60634,1127919.019,1923761.46,36,16,17,,41.94700382,-87.80530588,"(41.94700381798747, -87.80530588318896)"
1/12/2014,Completed - Dup,1/16/2014,14-00049825,Pot Hole in Street,,,,9500 S HOYNE AVE,60643,1164030.166,1841627.176,19,22,72,4,41.72095027,-87.67493567,"(41.72095026587401, -87.67493567013715)"
1/12/2014,Completed,1/17/2014,14-00049793,Pot Hole in Street,Final Outcome,Pothole Patched,1,4659 W 59TH ST,60629,1146330.853,1864763.979,13,8,64,,41.78420685,-87.73977876,"(41.784206849303985, -87.73977876441357)"
1/12/2014,Completed,1/17/2014,14-00049460,Pot Hole in Street,Final Outcome,Completed Upon Arrival,0,3451 S IRON ST,60608,1167781.875,1881886.449,11,9,59,13,41.83116582,-87.65929723,"(41.83116581914884, -87.65929722688695)"
1/12/2014,Completed,1/17/2014,14-00049428,Pot Hole in Street,Final Outcome,Pothole Patched,4,1957 W 69TH ST,60636,1164423.626,1858906.116,17,7,67,,41.76833332,-87.67347742,"(41.7683333182909, -87.67347742065863)"
1/12/2014,Completed,1/17/2014,14-00049424,Pot Hole in Street,Final Outcome,Pothole Patched,57,8500 S CICERO AVE,,1145919.224,1847742.502,0,0,0,,41.73813574,-87.74111992,"(41.73813574197873, -87.74111991564477)"
1/12/2014,Completed,1/17/2014,14-00049746,Pot Hole in Street,Final Outcome,Pothole Patched,2,5850 S KILBOURN AVE,60629,1147357.4,1865771.211,13,8,62,,41.78612538,-87.73534869,"(41.78612538106144, -87.7353486887234)"
1/12/2014,Completed,1/17/2014,14-00049461,Pot Hole in Street,Final Outcome,Pothole Patched,11,1357 W 37TH ST,60609,1167869.658,1880240.69,11,9,59,13,41.82681293,-87.65979406,"(41.82681293013787, -87.65979405664743)"
1/12/2014,Completed,1/17/2014,14-00049667,Pot Hole in Street,Final Outcome,Pothole Patched,1,13400 S AVENUE L,60633,1202086.058,1816729.509,10,4,55,,41.65174531,-87.53639097,"(41.65174530850174, -87.53639097496843)"
1/12/2014,Completed,1/17/2014,14-00049522,Pot Hole in Street,Final Outcome,Pothole Patched,1,13400 S AVENUE O,60633,1201091.934,1816722.628,10,4,55,,41.65175412,-87.54003151,"(41.651754115628194, -87.54003151426953)"
1/12/2014,Completed,1/17/2014,14-00050111,Pot Hole in Street,Final Outcome,Pothole Patched,20,6100 S ALBANY AVE,60629,1156763.415,1864021.561,15,8,66,,41.78255173,-87.70094763,"(41.78255173076133, -87.70094762737467)"
1/12/2014,Completed,1/17/2014,14-00050043,Pot Hole in Street,Final Outcome,Pothole Patched,5,2600 W BELMONT AVE,60618,1158464.14,1921166.143,33,17,21,,41.93953133,-87.69312253,"(41.93953132822849, -87.69312253370047)"
1/12/2014,Completed,1/17/2014,14-00050120,Pot Hole in Street,Final Outcome,Pothole Patched,2,4000 W 63RD ST,60629,1150785.84,1862524.963,13,8,65,3,41.77876739,-87.7228232,"(41.778767390084305, -87.72282319530368)"
1/12/2014,Completed - Dup,1/16/2014,14-00049823,Pot Hole in Street,,,,5437 S SHORE DR,60615,1189339.337,1869545.904,5,2,41,,41.79718891,-87.58111755,"(41.79718890863936, -87.58111754558526)"
1/12/2014,Completed - Dup,1/16/2014,14-00049765,Pot Hole in Street,,,,6700 S WESTERN AVE,60636,1161527.816,1860169.188,15,8,66,14,41.77188403,-87.6835884,"(41.77188402771193, -87.68358840206334)"
1/12/2014,Completed,1/16/2014,14-00051408,Pot Hole in Street,Final Outcome,Pothole Patched,5,810 W WILLOW ST,60614,1170578.818,1911930.067,43,18,7,,41.91393115,-87.64881543,"(41.91393115208037, -87.648815434967)"
1/12/2014,Completed,1/16/2014,14-00050919,Pot Hole in Street,Final Outcome,Pothole Patched,20,2001 W 47TH ST,60609,1163744.253,1873498.044,12,9,61,,41.80839901,-87.67481402,"(41.80839900675234, -87.67481401838239)"
1/12/2014,Completed,1/16/2014,14-00050628,Pot Hole in Street,Final Outcome,Street Resurfaced,0,9600 S HAMILTON AVE,60643,1163717.881,1840955.547,19,22,72,,41.7191136,-87.67609823,"(41.719113600019114, -87.67609823313423)"
1/12/2014,Completed,1/16/2014,14-00050624,Pot Hole in Street,Final Outcome,Completed Upon Arrival,0,3300 S WENTWORTH AVE,60616,1175483.501,1883098.326,11,9,34,,41.83449802,-87.6317458,"(41.8344980216517, -87.63174580142564)"
1/12/2014,Completed,1/16/2014,14-00050621,Pot Hole in Street,Final Outcome,Pothole Patched,28,2132 W 96TH ST,60643,1163717.881,1840955.547,19,22,72,4,41.71931567,-87.67601767,"(41.719315666313825, -87.67601766901969)"
1/12/2014,Completed,1/16/2014,14-00050835,Pot Hole in Street,Final Outcome,Pothole Patched,17,5900 S SACRAMENTO AVE,60629,1157390.047,1865367.551,16,8,66,59,41.78623355,-87.69861497,"(41.786233554411915, -87.6986149657069)"
1/12/2014,Completed,1/16/2014,14-00050636,Pot Hole in Street,Final Outcome,Pothole Patched,5,5200 W BELLE PLAINE AVE,60641,1140958.99,1926763.134,38,16,15,,41.95523014,-87.75733228,"(41.955230144351496, -87.75733227666495)"
1/12/2014,Completed,1/16/2014,14-00050634,Pot Hole in Street,Final Outcome,Pothole Patched,3,9900 S DAMEN AVE,60643,1164769.294,1838995.788,19,22,72,,41.71371381,-87.67230515,"(41.71371380846054, -87.67230515130782)"
1/12/2014,Completed,1/16/2014,14-00050632,Pot Hole in Street,Final Outcome,Pothole Patched,7,9600 S LEAVITT ST,60643,1163387.227,1840946.57,19,22,72,,41.71909562,-87.67730931,"(41.71909561939624, -87.6773093139694)"
1/12/2014,Completed,1/16/2014,14-00050790,Pot Hole in Street,Final Outcome,Pothole Patched,25,4700 S SEELEY AVE,60609,1163483.52,1873495.056,12,9,61,,41.80841087,-87.67604575,"(41.8084108737398, -87.67604575153351)"
1/12/2014,Completed,1/16/2014,14-00050692,Pot Hole in Street,Final Outcome,Pothole Patched,2,4300 S DR MARTIN LUTHER KING JR DR,60653,1179573.696,1876586.507,3,2,38,,41.81654196,-87.61693637,"(41.81654195521508, -87.61693636881934)"
1/12/2014,Completed,1/16/2014,14-00050742,Pot Hole in Street,Final Outcome,Pothole Patched,4,6000 W 55TH ST,60638,1137304.356,1867492.644,23,8,56,,41.79265135,-87.77212997,"(41.79265134963635, -87.77212997154216)"
1/12/2014,Completed,1/16/2014,14-00050705,Pot Hole in Street,Final Outcome,Pothole Patched,2,5699 N BROADWAY,60660,1167278.55,1938011.745,48,20,77,26,41.98537258,-87.65997602,"(41.98537257862175, -87.65997602335898)"
1/12/2014,Completed - Dup,1/16/2014,14-00049732,Pot Hole in Street,,,,9500 S LEAVITT ST,60643,1163367.4,1841610.198,19,22,72,4,41.72091719,-87.67736347,"(41.720917190189994, -87.67736347456616)"
1/12/2014,Completed,1/16/2014,14-00051547,Pot Hole in Street,Final Outcome,Pothole Patched,34,654 E 76TH ST,60619,1181989.106,1854765.134,6,6,69,51,41.75682162,-87.60802516,"(41.756821623104756, -87.60802516487608)"
1/12/2014,Completed - Dup,1/16/2014,14-00049711,Pot Hole in Street,,,,9500 S LONGWOOD DR,60643,1165572.894,1841668.238,19,22,72,4,41.72103019,-87.66928361,"(41.721030194448026, -87.66928360871272)"
1/12/2014,Completed,1/16/2014,14-00051463,Pot Hole in Street,Final Outcome,Pothole Patched,11,3909 N LINDER AVE,60641,1138986.074,1925508.22,38,16,15,,41.95171207,-87.76434218,"(41.95171207290133, -87.76434218005245)"
1/12/2014,Completed - Dup,1/16/2014,14-00049455,Pot Hole in Street,,,,6640 S FAIRFIELD AVE,60629,1159187.892,1860493.13,15,8,66,,41.772432,-87.69214411,"(41.77243200230797, -87.69214410744078)"
1/12/2014,Completed - Dup,1/16/2014,14-00049377,Pot Hole in Street,,,,7900 S WESTERN AVE,60620,1161750.964,1852199.435,18,8,70,,41.75005493,-87.6829922,"(41.750054933649984, -87.68299220290213)"
1/12/2014,Completed - Dup,1/16/2014,14-00049127,Pot Hole in Street,,,,3500 S RACINE AVE,60609,1168919.991,1881596.567,11,9,60,13,41.83051659,-87.65586925,"(41.8305165939643, -87.65586925173069)"
1/12/2014,Completed - Dup,1/16/2014,14-00049108,Pot Hole in Street,,,,7500 S STONY ISLAND AVE,60649,1188113.603,1855569.997,5,4,43,42,41.75871547,-87.58628096,"(41.758715466706086, -87.58628096484384)"
1/12/2014,Completed - Dup,1/16/2014,14-00049012,Pot Hole in Street,,,,3500 S RACINE AVE,60609,1168919.991,1881596.567,11,9,60,13,41.83051659,-87.65586925,"(41.8305165939643, -87.65586925173069)"
1/12/2014,Completed - Dup,1/16/2014,14-00049352,Pot Hole in Street,,,,3500 S MORGAN ST,60609,1170216.979,1881630.579,11,9,60,13,41.83063276,-87.65111403,"(41.83063275689864, -87.6511140260967)"
1/12/2014,Completed - Dup,1/16/2014,14-00049220,Pot Hole in Street,,,,1800 W PRATT BLVD,60626,1163003.18,1945207.227,49,24,1,,42.00540441,-87.67580971,"(42.0054044077649, -87.67580971174554)"
1/12/2014,Completed - Dup,1/16/2014,14-00049324,Pot Hole in Street,,,,2000 N HALSTED ST,60614,1170632.765,1913518.72,43,18,7,,41.91826695,-87.6486596,"(41.91826695440619, -87.64865960293128)"
1/12/2014,Completed - Dup,1/16/2014,14-00049291,Pot Hole in Street,,,,5843 N SACRAMENTO AVE,60659,1155343.22,1938629.316,40,20,2,,41.98796633,-87.70398604,"(41.98796633388389, -87.7039860376168)"
1/12/2014,Completed - Dup,1/16/2014,14-00049698,Pot Hole in Street,,,,2135 W 47TH ST,60609,1162795.663,1873480.04,12,9,61,,41.80836413,-87.67838861,"(41.8083641284494, -87.67838860821892)"
1/12/2014,Completed - Dup,1/16/2014,14-00049674,Pot Hole in Street,,,,1826 W PRATT BLVD,60626,1162831.08,1945201.627,49,24,1,,42.00538377,-87.67677691,"(42.00538376887283, -87.67677691240674)"
1/12/2014,Completed - Dup,1/16/2014,14-00049600,Pot Hole in Street,,,,12700 S AVENUE O,60633,1201126.431,1821382.839,10,4,55,,41.66455619,-87.53976503,"(41.66455618715663, -87.53976503020358)"
1/12/2014,Completed - Dup,1/16/2014,14-00049466,Pot Hole in Street,,,,6700 S WASHTENAW AVE,60629,1159529.965,1860111.978,15,8,66,14,41.7717685,-87.69091342,"(41.771768497684064, -87.69091341796408)"
1/12/2014,Completed,1/16/2014,14-00050542,Pot Hole in Street,Final Outcome,Pothole Patched,9,1147 W SCHUBERT AVE,60614,1168187.302,1918081.144,32,19,7,35,41.93063589,-87.65806413,"(41.93063588552425, -87.65806412920927)"
1/12/2014,Completed,1/16/2014,14-00050607,Pot Hole in Street,Final Outcome,Pothole Patched,12,1450 E 55TH PL,60637,1186923.93,1868721.965,5,2,41,,41.79490979,-87.58967489,"(41.79490978884631, -87.58967488734521)"
1/12/2014,Completed,1/16/2014,14-00050458,Pot Hole in Street,Final Outcome,Pothole Patched,35,6300 S WASHTENAW AVE,60629,1159458.511,1862768.347,15,8,66,3,41.77905345,-87.69109945,"(41.779053448057795, -87.69109944983649)"
1/12/2014,Completed,1/13/2014,14-00049365,Pot Hole in Street,Final Outcome,Pothole Patched,1,4350 W PETERSON AVE,60646,1146235.557,1939518.812,39,17,12,,41.99012592,-87.73808559,"(41.990125922167344, -87.73808558702413)"
1/12/2014,Completed - Dup,1/13/2014,14-00051443,Pot Hole in Street,,,,1200 W 35TH ST,60609,1168919.991,1881596.567,11,9,60,,41.83072883,-87.65581325,"(41.830728825995436, -87.65581325202945)"
1/12/2014,Completed - Dup,1/13/2014,14-00051404,Pot Hole in Street,,,,4004 N OAKLEY AVE,60618,1160318.218,1926537.035,47,19,5,38,41.9542512,-87.68619536,"(41.954251197166464, -87.68619536453326)"
1/12/2014,Completed,1/16/2014,14-00050323,Pot Hole in Street,Final Outcome,Pothole Patched,31,4130 N CENTRAL AVE,60634,1138272.2,1926905.48,38,16,15,,41.95594633,-87.76723967,"(41.955946328412125, -87.76723966609394)"
1/12/2014,Completed,1/16/2014,14-00050319,Pot Hole in Street,Final Outcome,Pothole Patched,2,800 W DICKENS AVE,60614,1170609.603,1914179.678,43,18,7,,41.92010244,-87.64863925,"(41.92010243815683, -87.64863925095688)"
1/12/2014,Completed,1/16/2014,14-00050227,Pot Hole in Street,Final Outcome,Completed Upon Arrival,0,6700 S ROCKWELL ST,60629,1160194.54,1860131.471,15,8,66,14,41.77180795,-87.68847699,"(41.77180795467115, -87.68847698521296)"
1/12/2014,Completed,1/16/2014,14-00049834,Pot Hole in Street,Final Outcome,Pothole Patched,1,8207 S CAMPBELL AVE,60652,1161124.407,1849979.079,18,8,70,,41.74392763,-87.68505556,"(41.74392762517981, -87.68505556294129)"
1/12/2014,Completed,1/16/2014,14-00049820,Pot Hole in Street,Final Outcome,Pothole Patched,4,813 W FULLERTON AVE,60614,1170397.21,1916164.678,43,18,7,35,41.92533713,-87.64927907,"(41.925337128847254, -87.64927906780979)"
1/12/2014,Completed,1/16/2014,14-00049777,Pot Hole in Street,Final Outcome,Pothole Patched,53,3900 W IOWA ST,60651,1150225.18,1905725.31,27,11,23,,41.89732579,-87.72375434,"(41.897325785171205, -87.72375433562306)"
1/12/2014,Completed,1/16/2014,14-00049662,Pot Hole in Street,Final Outcome,Pothole Patched,76,7442 N RIDGE BLVD,60645,1160608.117,1949410.71,49,24,2,,42.01719228,-87.68452415,"(42.0171922827827, -87.68452414831854)"
1/12/2014,Completed,1/16/2014,14-00049809,Pot Hole in Street,Final Outcome,Pothole Patched,1,9500 S WINCHESTER AVE,60643,1165130.433,1841656.69,19,22,72,4,41.72100754,-87.6709042,"(41.72100754338358, -87.67090419664449)"
1/12/2014,Completed,1/16/2014,14-00049780,Pot Hole in Street,Final Outcome,Pothole Patched,18,845 N SPRINGFIELD AVE,60651,1150235.798,1905362.32,27,11,23,63,41.89673119,-87.7235282,"(41.89673118991827, -87.72352819905365)"
1/12/2014,Completed,1/16/2014,14-00050019,Pot Hole in Street,Final Outcome,Pothole Patched,5,6398 S ARCHER AVE,60638,1135022.799,1867541.542,23,8,56,,41.79247037,-87.78178536,"(41.792470366846864, -87.78178536232154)"
1/12/2014,Completed - Dup,1/16/2014,14-00049910,Pot Hole in Street,,,,9500 S WOOD ST,60643,1166035.366,1841680.571,19,22,72,4,41.72110053,-87.66759026,"(41.721100527432114, -87.66759026209412)"
1/12/2014,Completed,1/16/2014,14-00050180,Pot Hole in Street,Final Outcome,Pothole Patched,28,5900 S NARRAGANSETT AVE,60638,1134738.734,1864731.504,23,8,64,,41.78495121,-87.781684,"(41.78495120989203, -87.78168400386181)"
1/12/2014,Completed,1/16/2014,14-00049862,Pot Hole in Street,Final Outcome,Pothole Patched,1,9500 S SEELEY AVE,60643,1164360.52,1841636.378,19,22,72,4,41.7209685,-87.67372534,"(41.72096849652679, -87.67372533948726)"
1/12/2014,Completed,1/16/2014,14-00050063,Pot Hole in Street,Final Outcome,Pothole Patched,12,1560 E 75TH ST,60619,1188113.603,1855569.997,8,3,43,42,41.75887434,-87.586118,"(41.75887434036602, -87.58611799991269)"
1/12/2014,Completed,1/16/2014,14-00050032,Pot Hole in Street,Final Outcome,Pothole Patched,10,4800 W ADDISON ST,60641,1143739.86,1923502.983,38,16,15,,41.94623183,-87.74719769,"(41.946231828075085, -87.74719769275191)"
1/12/2014,Completed,1/16/2014,14-00050042,Pot Hole in Street,Final Outcome,Pothole Patched,18,2400 W PETERSON AVE,60659,1159231.617,1939785.708,40,24,2,,41.99060901,-87.68973548,"(41.990609009807294, -87.68973548092968)"
1/12/2014,Completed,1/16/2014,14-00050033,Pot Hole in Street,Final Outcome,Pothole Patched,14,4800 W ADDISON ST,60641,1143739.86,1923502.983,38,16,15,,41.94623183,-87.74719769,"(41.946231828075085, -87.74719769275191)"
1/12/2014,Completed,1/16/2014,14-00049645,Pot Hole in Street,Final Outcome,Pothole Patched,11,5900 S WESTERN AVE,60636,1161382.373,1865470.705,16,8,66,59,41.78643717,-87.68397525,"(41.78643717477366, -87.68397524648124)"
1/12/2014,Completed,1/16/2014,14-00049595,Pot Hole in Street,Final Outcome,Pothole Patched,50,12700 S AVENUE O,60633,1201126.431,1821382.839,10,4,55,,41.66455619,-87.53976503,"(41.66455618715663, -87.53976503020358)"
1/12/2014,Completed,1/16/2014,14-00049593,Pot Hole in Street,Final Outcome,Pothole Patched,1,2800 W MARQUETTE RD,60629,1158865.406,1860093.154,15,8,66,,41.77193273,-87.69326964,"(41.77193273122023, -87.69326964167097)"
1/12/2014,Completed - Dup,1/16/2014,14-00051427,Pot Hole in Street,,,,800 E 76TH ST,60619,1182879.059,1854793.974,6,6,69,51,41.7568689,-87.60528566,"(41.7568688963699, -87.6052856576407)"
1/12/2014,Completed - Dup,1/16/2014,14-00051424,Pot Hole in Street,,,,3154 S CALIFORNIA AVE,60608,1158205.234,1883464.349,12,10,30,,41.83506483,-87.69511024,"(41.8350648292192, -87.69511023955735)"
1/12/2014,Completed - Dup,1/16/2014,14-00051394,Pot Hole in Street,,,,2540 W BELMONT AVE,60618,1158643.524,1921169.442,47,19,5,,41.93953754,-87.69230811,"(41.93953753768384, -87.6923081063243)"
1/12/2014,Completed - Dup,1/16/2014,14-00051156,Pot Hole in Street,,,,5200 N SB OUTER LAKE SHORE DR,60640,1169890.508,1934794.372,48,20,77,,41.97662163,-87.65079003,"(41.97662162786541, -87.650790026249)"
1/12/2014,Completed - Dup,1/16/2014,14-00051037,Pot Hole in Street,,,,9547 S HOYNE AVE,60643,1164038.866,1841312.676,19,22,72,4,41.71965657,-87.67460854,"(41.719656571580465, -87.67460853626967)"
1/12/2014,Completed,1/16/2014,14-00049445,Pot Hole in Street,Final Outcome,Pothole Patched,6,6627 S FAIRFIELD AVE,60629,1159185.692,1860579.33,15,8,66,,41.77282818,-87.69186272,"(41.77282817891541, -87.69186272378838)"
1/12/2014,Completed - Dup,1/16/2014,14-00051557,Pot Hole in Street,,,,1652 W ROSCOE ST,60657,1164619.256,1922633.525,32,19,6,27,41.94342318,-87.67088424,"(41.943423179840444, -87.67088423770996)"
1/12/2014,Completed,1/16/2014,14-00049375,Pot Hole in Street,Final Outcome,Pothole Patched,2,6300 S CALIFORNIA AVE,60629,1158794.785,1862749.928,15,8,66,3,41.77901991,-87.69353548,"(41.77901990959428, -87.69353548241952)"
1/12/2014,Completed,1/16/2014,14-00049001,Pot Hole in Street,Final Outcome,Pothole Patched,10,3600 S CALIFORNIA AVE,60632,1158287.554,1880659.793,12,9,58,,41.82822428,-87.69490963,"(41.828224281199304, -87.69490963019314)"
1/12/2014,Completed,1/16/2014,14-00049299,Pot Hole in Street,Final Outcome,Pothole Patched,29,3307 S ASHLAND AVE,60608,1166207.134,1882795.789,11,9,59,,41.83396282,-87.6654999,"(41.833962822157666, -87.66549989969313)"
1/12/2014,Completed,1/16/2014,14-00049226,Pot Hole in Street,Final Outcome,Completed Upon Arrival,0,3500 S WESTERN BLVD,60609,1161090.53,1881415.317,12,9,59,,41.83023678,-87.68460476,"(41.83023677564811, -87.6846047572646)"
1/12/2014,Completed,1/16/2014,14-00049501,Pot Hole in Street,Final Outcome,Pothole Patched,3,800 W ARMITAGE AVE,60614,1170632.765,1913518.72,43,18,7,,41.91828897,-87.64857135,"(41.91828896651762, -87.64857134672171)"
1/12/2014,Completed,1/16/2014,14-00050602,Pot Hole in Street,Final Outcome,Pothole Patched,21,1400 E 55TH ST,60615,1186481.55,1868946.395,4,2,41,,41.79561943,-87.59162902,"(41.7956194338664, -87.59162901605991)"
1/12/2014,Completed,1/24/2014,14-00050697,Pot Hole in Street,Final Outcome,Pothole Patched,5,700 W 76TH ST,60620,1172950.542,1854477.873,17,6,68,,41.7562244,-87.64180344,"(41.756224397053735, -87.64180344018871)"
1/12/2014,Completed - Dup,1/17/2014,14-00049128,Pot Hole in Street,,,,5500 W FLOURNOY ST,60644,1139989.75,1896418.705,29,15,25,,41.87198087,-87.76159039,"(41.871980865426266, -87.76159039294478)"
1/12/2014,Completed,1/24/2014,14-00049000,Pot Hole in Street,Final Outcome,Pothole Patched,20,3400 S DAMEN AVE,60608,1163573.74,1882133.098,11,9,59,,41.83218433,-87.67547416,"(41.83218433340828, -87.67547416222578)"
1/12/2014,Completed,3/13/2014,14-00050637,Pot Hole in Street,Final Outcome,Pothole Patched,25,4400 W GLADYS AVE,60624,1147113.895,1897992.376,24,11,26,,41.87616424,-87.73544268,"(41.876164238975676, -87.73544267869826)"
1/12/2014,Completed,3/7/2014,14-00049203,Pot Hole in Street,Final Outcome,Pothole Patched,11,1600 S RUBLE ST,60616,1172068.46,1892312.827,25,12,31,,41.859924,-87.64400608,"(41.85992399873839, -87.64400607583654)"
1/12/2014,Completed - Dup,2/10/2014,14-00049233,Pot Hole in Street,,,,6409 W 60TH ST,60638,1134665.653,1864060.515,23,8,64,,41.78305998,-87.78189281,"(41.783059981652556, -87.7818928092814)"
1/12/2014,Completed - Dup,2/10/2014,14-00049232,Pot Hole in Street,,,,1700 N MARCEY ST,60614,1169047.594,1911637.524,32,18,7,,41.91305744,-87.65458364,"(41.9130574403361, -87.65458364352062)"
1/12/2014,Completed,2/10/2014,14-00049370,Pot Hole in Street,Final Outcome,Pothole Patched,9,1500 N HUMBOLDT DR,60622,1156266.74,1909831.221,26,14,24,,41.90838772,-87.70154601,"(41.908387724525035, -87.70154600699163)"
1/12/2014,Completed,2/10/2014,14-00049228,Pot Hole in Street,Final Outcome,Pothole Patched,4,6409 W 60TH ST,60638,1134665.653,1864060.515,23,8,64,,41.78305998,-87.78189281,"(41.783059981652556, -87.7818928092814)"
1/12/2014,Completed - Dup,2/10/2014,14-00049521,Pot Hole in Street,,,,5100 S HALSTED ST,60609,1171834.452,1871038.522,3,9,61,,41.80153715,-87.64549036,"(41.801537152073706, -87.64549036063495)"
1/12/2014,Completed - Dup,2/10/2014,14-00051529,Pot Hole in Street,,,,800 W CHICAGO AVE,60642,1170904.094,1905583.478,27,12,24,,41.89650929,-87.64775583,"(41.896509292937765, -87.64775582718494)"
1/12/2014,Completed - Dup,2/10/2014,14-00049592,Pot Hole in Street,,,,1500 N HUMBOLDT DR,60622,1156266.74,1909831.221,26,14,24,,41.90838772,-87.70154601,"(41.908387724525035, -87.70154600699163)"
1/12/2014,Completed - Dup,2/10/2014,14-00050638,Pot Hole in Street,,,,1700 N MARCEY ST,60614,1169047.594,1911637.524,32,18,7,,41.91305744,-87.65458364,"(41.9130574403361, -87.65458364352062)"
1/12/2014,Completed,2/10/2014,14-00050271,Pot Hole in Street,Final Outcome,Completed Upon Arrival,0,506 N WOOD ST,60622,1164307.99,1903595.028,26,12,24,,41.89115453,-87.67217732,"(41.89115452922522, -87.67217732287024)"
1/12/2014,Completed,2/10/2014,14-00050113,Pot Hole in Street,Final Outcome,Pothole Patched,2,1200 N HUMBOLDT DR,60622,1156041.808,1907830.232,26,14,24,,41.9029192,-87.70241273,"(41.902919202792134, -87.70241273396309)"
1/12/2014,Completed,2/10/2014,14-00050081,Pot Hole in Street,Final Outcome,Pothole Patched,22,4800 N MERRIMAC AVE,60630,1133536.99,1931573.328,45,16,11,,41.9685479,-87.78452612,"(41.96854789721271, -87.78452612058548)"
1/12/2014,Completed,2/10/2014,14-00050451,Pot Hole in Street,Final Outcome,CDOT Inspect Public Way Survey Transfer Outcome,22,7156 N KEDZIE AVE,60645,1153890.069,1947254.614,50,0,2,,42.01172375,-87.709215,"(42.01172374649093, -87.70921499858446)"
1/12/2014,Completed,2/10/2014,14-00051382,Pot Hole in Street,Final Outcome,Pothole Patched,2,1200 W 87TH ST,60620,1169843.504,1847099.205,21,6,71,,41.73604409,-87.65340424,"(41.736044089543576, -87.65340424179776)"
1/12/2014,Completed - Dup,1/14/2014,14-00050368,Pot Hole in Street,,,,8759 S BLACKSTONE AVE,60619,1187648.923,1847194.981,8,4,48,50,41.73515109,-87.58794565,"(41.73515108514426, -87.58794565490308)"
1/12/2014,Completed - Dup,3/4/2014,14-00050028,Pot Hole in Street,,,,8800 S RACINE AVE,60620,1169863.213,1846434.071,21,22,71,,41.73402181,-87.65343121,"(41.73402181490011, -87.65343120607957)"
1/12/2014,Completed,3/14/2014,14-00049835,Pot Hole in Street,Final Outcome,Pothole Patched,14,1952 W ROSCOE ST,60657,1162726.231,1922586.05,32,19,5,,41.94332906,-87.67810904,"(41.943329059979824, -87.67810904476627)"
1/12/2014,Completed,3/5/2014,14-00050738,Pot Hole in Street,Final Outcome,Pothole Patched,5,700 W FULLERTON AVE,60614,1171202.711,1916188.517,43,19,7,,41.92560232,-87.64638177,"(41.92560231625335, -87.64638176855871)"
1/12/2014,Completed,3/5/2014,14-00051231,Pot Hole in Street,Final Outcome,Pothole Patched,7,2400 N LAKEVIEW AVE,60614,1173167.26,1916247.635,43,19,7,23,41.92570237,-87.63926611,"(41.92570237187051, -87.63926611498806)"
1/12/2014,Completed - Dup,3/7/2014,14-00051212,Pot Hole in Street,,,,3100 S PULASKI RD,60623,1150201.698,1883738.369,22,10,30,,41.83678964,-87.72449547,"(41.83678964298173, -87.7244954651183)"
1/12/2014,Completed - Dup,1/24/2014,14-00051140,Pot Hole in Street,,,,3337 S DAMEN AVE,60608,1163567.865,1882375.884,11,9,59,,41.83293302,-87.67519747,"(41.83293301577176, -87.67519747072106)"
1/12/2014,Completed - Dup,1/24/2014,14-00051128,Pot Hole in Street,,,,1608 N HUMBOLDT BLVD,60647,1156130.636,1910547.64,35,14,23,,41.91047743,-87.7020223,"(41.91047742816545, -87.70202229916137)"
1/12/2014,Completed - Dup,1/24/2014,14-00050040,Pot Hole in Street,,,,2400 W LOGAN BLVD,60647,1159917.608,1917245.795,1,14,22,,41.92871132,-87.68788275,"(41.928711321724265, -87.6878827514389)"
1/12/2014,Completed - Dup,1/24/2014,14-00049975,Pot Hole in Street,,,,7600 S HALSTED ST,60620,1172283.818,1854462.666,17,6,71,,41.75599579,-87.64432824,"(41.7559957904814, -87.64432823886385)"
1/12/2014,Completed,1/24/2014,14-00050813,Pot Hole in Street,Final Outcome,Pothole Patched,1,1809 W 34TH ST,60608,1164844.949,1882167.739,11,9,59,,41.83216248,-87.67086373,"(41.832162475961745, -87.67086373158644)"
1/12/2014,Completed,2/3/2014,14-00051013,Pot Hole in Street,Final Outcome,No Potholes Found,0,3115 N KNOX AVE,60641,1144819.441,1920304.863,31,25,19,,41.9375421,-87.74303856,"(41.93754210346174, -87.74303856073696)"
1/12/2014,Completed - Dup,2/3/2014,14-00049263,Pot Hole in Street,,,,6245 S LAKE SHORE DR,60637,1191149.89,1863596.915,5,3,42,,41.7808039,-87.57461558,"(41.780803899394144, -87.57461558340579)"
1/12/2014,Completed - Dup,1/24/2014,14-00049675,Pot Hole in Street,,,,7100 S WABASH AVE,60619,1177954.851,1857954.04,6,3,69,,41.7654514,-87.62344125,"(41.76545139565518, -87.62344125431237)"
1/12/2014,Completed - Dup,1/24/2014,14-00049045,Pot Hole in Street,,,,2400 W LOGAN BLVD,60647,1159917.608,1917245.795,1,14,22,,41.92871132,-87.68788275,"(41.928711321724265, -87.6878827514389)"
1/12/2014,Completed,2/3/2014,14-00049689,Pot Hole in Street,Final Outcome,No Potholes Found,0,2552 N CAMPBELL AVE,60647,1159256.222,1917101.647,35,14,22,,41.92826323,-87.69035566,"(41.92826323123843, -87.6903556623686)"
1/12/2014,Completed - Dup,2/3/2014,14-00050635,Pot Hole in Street,,,,9900 S WESTERN AVE,60643,1162125.844,1838922.769,19,22,72,20,41.7135699,-87.68198572,"(41.71356989935203, -87.68198572204422)"
1/12/2014,Completed,1/24/2014,14-00050916,Pot Hole in Street,Final Outcome,Pothole Patched,3,307 W WEBSTER AVE,60614,1173825.921,1914932.756,43,18,7,23,41.92187907,-87.63679223,"(41.92187906681318, -87.63679223296863)"
1/12/2014,Completed - Dup,2/3/2014,14-00050553,Pot Hole in Street,,,,6245 S LAKE SHORE DR,60637,1191149.89,1863596.915,5,3,42,,41.7808039,-87.57461558,"(41.780803899394144, -87.57461558340579)"
1/12/2014,Completed - Dup,2/3/2014,14-00050524,Pot Hole in Street,,,,9900 S WESTERN AVE,60643,1162125.844,1838922.769,19,22,72,20,41.7135699,-87.68198572,"(41.71356989935203, -87.68198572204422)"
1/12/2014,Completed,2/3/2014,14-00049450,Pot Hole in Street,Final Outcome,Pothole Patched,25,6001 S LAKE SHORE DR,60637,1190378.712,1865557.54,5,3,41,,41.78606047,-87.57734935,"(41.78606047330595, -87.57734935241695)"
1/12/2014,Completed - Dup,2/3/2014,14-00051340,Pot Hole in Street,,,,6245 S LAKE SHORE DR,60637,1191149.89,1863596.915,5,3,42,,41.7808039,-87.57461558,"(41.780803899394144, -87.57461558340579)"
1/12/2014,Completed,2/3/2014,14-00050365,Pot Hole in Street,Final Outcome,Pothole Patched,10,4648 N KENTON AVE,60630,1144865.011,1930504.669,45,17,16,,41.96588014,-87.74291647,"(41.96588013600744, -87.74291647365233)"
1/12/2014,Completed,2/3/2014,14-00049440,Pot Hole in Street,Final Outcome,Completed Upon Arrival,0,9500 S HARVARD AVE,60628,1175619.43,1841924.344,21,5,49,,41.72151398,-87.63247717,"(41.72151398293066, -87.63247716571031)"
1/12/2014,Completed - Dup,2/3/2014,14-00051569,Pot Hole in Street,,,,6245 S LAKE SHORE DR,60637,1191149.89,1863596.915,5,3,42,,41.7808039,-87.57461558,"(41.780803899394144, -87.57461558340579)"
1/12/2014,Completed - Dup,1/24/2014,14-00049614,Pot Hole in Street,,,,800 S WESTERN AVE,60612,1160513.494,1896305.25,2,11,28,,41.87111238,-87.68631026,"(41.87111237751095, -87.68631026233462)"
1/12/2014,Completed,2/3/2014,14-00050401,Pot Hole in Street,Final Outcome,Pothole Patched,12,5900 S LAWNDALE AVE,60629,1152718.508,1865233.288,13,8,65,,41.78600464,-87.71574876,"(41.78600464453889, -87.71574875575908)"
1/12/2014,Completed - Dup,1/24/2014,14-00049391,Pot Hole in Street,,,,9900 S HALSTED ST,60628,1172728.418,1839206.743,34,22,73,45,41.71411887,-87.64314541,"(41.714118868089905, -87.64314540818165)"
1/12/2014,Completed - Dup,1/24/2014,14-00049180,Pot Hole in Street,,,,7600 S HARVARD AVE,60620,1175382.567,1854557.167,17,6,69,,41.75623491,-87.63296987,"(41.756234906187274, -87.63296986620668)"
1/12/2014,Completed - Dup,1/24/2014,14-00049048,Pot Hole in Street,,,,800 S WESTERN AVE,60612,1160513.494,1896305.25,2,11,28,,41.87111238,-87.68631026,"(41.87111237751095, -87.68631026233462)"
1/12/2014,Completed - Dup,1/24/2014,14-00051127,Pot Hole in Street,,,,1610 N HUMBOLDT BLVD,60647,1156130.236,1910562.14,35,14,23,,41.91052955,-87.70202394,"(41.91052955320854, -87.70202393942056)"
1/12/2014,Completed - Dup,1/24/2014,14-00050108,Pot Hole in Street,,,,2400 W LOGAN BLVD,60647,1159917.608,1917245.795,1,14,22,,41.92871132,-87.68788275,"(41.928711321724265, -87.6878827514389)"
1/12/2014,Completed - Dup,1/24/2014,14-00050743,Pot Hole in Street,,,,3900 S LAKE PARK AVE,60653,1183064.577,1879655.889,4,2,36,,41.82489702,-87.60400388,"(41.824897021858675, -87.60400388172482)"
1/12/2014,Completed - Dup,1/24/2014,14-00050645,Pot Hole in Street,,,,7400 S STATE ST,60619,1177561.923,1855950.65,6,3,69,,41.75997585,-87.62494075,"(41.7599758487039, -87.62494075097106)"
1/12/2014,Completed - Dup,1/24/2014,14-00050644,Pot Hole in Street,,,,332 W ROOSEVELT RD,60607,1174208.857,1895005.369,2,1,28,,41.8674005,-87.63609729,"(41.8674005001152, -87.63609729262645)"
1/12/2014,Completed - Dup,1/24/2014,14-00050236,Pot Hole in Street,,,,2830 W VAN BUREN ST,60612,1157468.5,1898034.166,2,11,27,,41.87607644,-87.6973144,"(41.87607644495398, -87.69731440361076)"
1/12/2014,Completed - Dup,1/24/2014,14-00051126,Pot Hole in Street,,,,1608 N HUMBOLDT BLVD,60647,1156130.636,1910547.64,35,14,23,,41.91047743,-87.7020223,"(41.91047742816545, -87.70202229916137)"
1/12/2014,Completed - Dup,1/14/2014,14-00050786,Pot Hole in Street,,,,4700 S ASHLAND AVE,60609,1166462.831,1873554.374,20,9,61,10,41.8085116,-87.66511729,"(41.8085115972472, -87.66511729173287)"
1/12/2014,Completed,1/14/2014,14-00051542,Pot Hole in Street,Final Outcome,Pothole Patched,3,1200 W 99TH ST,60643,1170067.352,1839141.737,21,22,73,,41.71420378,-87.65276263,"(41.714203776761586, -87.65276262909931)"
1/12/2014,Completed,1/14/2014,14-00051464,Pot Hole in Street,Final Outcome,Pothole Patched,4,10700 S WESTERN AVE,60643,1162290.018,1833609.914,19,22,75,20,41.69901254,-87.68153201,"(41.699012535927515, -87.68153200913261)"
1/12/2014,Completed,2/6/2014,14-00049311,Pot Hole in Street,Final Outcome,No Potholes Found,0,5400 N AVONDALE AVE,60630,1134854.89,1935553.1,45,16,11,,41.97928176,-87.77955466,"(41.97928175544439, -87.77955465982632)"
1/12/2014,Completed - Dup,2/6/2014,14-00050137,Pot Hole in Street,,,,5400 N AVONDALE AVE,60630,1134854.89,1935553.1,45,16,11,,41.97928176,-87.77955466,"(41.97928175544439, -87.77955465982632)"
1/12/2014,Completed - Dup,2/6/2014,14-00051483,Pot Hole in Street,,,,2000 W PRATT BLVD,60645,1161773.902,1945164.16,50,24,2,,42.0053135,-87.68025242,"(42.005313496419646, -87.68025242015817)"
1/12/2014,Completed,1/14/2014,14-00051331,Pot Hole in Street,Final Outcome,No Potholes Found,0,11499 S EMERALD AVE,60628,1173377.76,1828601.08,34,22,49,,41.68518989,-87.64079312,"(41.68518988589499, -87.64079312150221)"
1/12/2014,Completed,1/14/2014,14-00051276,Pot Hole in Street,Final Outcome,Pothole Patched,1,5800 W WASHINGTON BLVD,60644,1137700.922,1900157.605,29,15,25,,41.88228252,-87.76992833,"(41.882282520338386, -87.7699283285234)"
1/12/2014,Completed,1/14/2014,14-00051035,Pot Hole in Street,Final Outcome,Pothole Patched,13,2117 W 95TH ST,60643,1163816.4,1841622.179,19,22,72,4,41.72092426,-87.67561074,"(41.72092426250892, -87.67561074009626)"
1/12/2014,Completed,1/14/2014,14-00049205,Pot Hole in Street,Final Outcome,Pothole Patched,7,7100 S PARNELL AVE,60621,1173851.564,1857831.463,6,7,68,,41.76519512,-87.63847038,"(41.76519511821215, -87.63847037943593)"
1/12/2014,Completed,1/14/2014,14-00050164,Pot Hole in Street,Final Outcome,Pothole Patched,2,5900 S ST LOUIS AVE,60629,1154064.304,1865272.422,16,8,66,,41.78606736,-87.71080015,"(41.78606735899088, -87.71080015136813)"
1/12/2014,Completed - Dup,1/14/2014,14-00051429,Pot Hole in Street,,,,8800 S ASHLAND AVE,60620,1167208.46,1846363.16,21,22,71,,41.73388075,-87.66315894,"(41.733880749718516, -87.66315894336468)"
1/12/2014,Completed - Dup,1/14/2014,14-00051096,Pot Hole in Street,,,,2232 E 103RD ST,60617,1192866.065,1837122.724,10,4,51,,41.70813992,-87.56921807,"(41.70813991607637, -87.56921806666134)"
1/12/2014,Completed - Dup,1/14/2014,14-00050958,Pot Hole in Street,,,,3100 W BRYN MAWR AVE,60659,1154567.544,1937047.257,39,17,13,,41.98318997,-87.70699963,"(41.98318997167337, -87.70699963018285)"
1/12/2014,Completed - Dup,1/14/2014,14-00051332,Pot Hole in Street,,,,2400 W 18TH ST,60608,1160639.171,1891430.36,28,10,31,,41.85784189,-87.68599815,"(41.857841893289496, -87.68599815329208)"
1/12/2014,Completed - Dup,1/14/2014,14-00051175,Pot Hole in Street,,,,8900 S ASHLAND AVE,60620,1167230.371,1845647.66,21,22,73,,41.73192024,-87.66309894,"(41.73192024252847, -87.66309894374788)"
1/12/2014,Completed,1/14/2014,14-00049920,Pot Hole in Street,Final Outcome,Pothole Patched,12,5347 W AINSLIE ST,60630,1139831.778,1931609.449,45,16,11,,41.96837526,-87.76109918,"(41.96837526415516, -87.76109918125753)"
1/12/2014,Completed,1/14/2014,14-00049599,Pot Hole in Street,Final Outcome,Pothole Patched,6,7035 W WOLFRAM ST,60634,1128736.597,1918152.07,36,25,18,,41.93159882,-87.80245144,"(41.931598820476, -87.80245144469637)"
1/12/2014,Completed,1/14/2014,14-00049284,Pot Hole in Street,Final Outcome,Pothole Patched,1,10000 S INDIANAPOLIS AVE,60617,1201811.452,1839337.208,10,4,52,,41.71375769,-87.53653381,"(41.7137576929606, -87.53653380718613)"
1/12/2014,Completed,1/14/2014,14-00049216,Pot Hole in Street,Final Outcome,Pothole Patched,97,145 E WACKER DR,60601,1177516.486,1902628.11,42,1,32,,41.88802971,-87.62279538,"(41.8880297098894, -87.62279537776244)"
1/12/2014,Completed,1/14/2014,14-00049858,Pot Hole in Street,Final Outcome,Pothole Patched,95,8700 S BLACKSTONE AVE,60619,1187639.53,1847590.253,8,4,48,50,41.73678605,-87.58827199,"(41.73678604679777, -87.58827199204208)"
1/12/2014,Completed,1/14/2014,14-00049813,Pot Hole in Street,Final Outcome,Pothole Patched,12,7700 S STONY ISLAND SD,60649,1188186.538,1854240.494,5,4,43,42,41.75502769,-87.58626952,"(41.755027686810685, -87.58626952173414)"
1/12/2014,Completed,1/14/2014,14-00049837,Pot Hole in Street,Final Outcome,Pothole Patched,2,8100 W ADDISON ST,60634,1121435.578,1922937.565,36,16,17,,41.94507015,-87.82912893,"(41.94507015223477, -87.82912893389414)"
1/12/2014,Completed,1/14/2014,14-00049818,Pot Hole in Street,Final Outcome,Pothole Patched,15,8300 S EAST END AVE,60617,1189039.472,1850285.015,8,4,45,50,41.74419236,-87.58305756,"(41.744192364232646, -87.58305755964855)"
1/12/2014,Completed,1/14/2014,14-00051021,Pot Hole in Street,Final Outcome,Pothole Patched,17,2015 W 95TH ST,60643,1164465.12,1841639.178,19,22,72,4,41.7209593,-87.67311067,"(41.72095930029068, -87.67311067368607)"
1/12/2014,Completed,1/14/2014,14-00050530,Pot Hole in Street,Final Outcome,No Potholes Found,0,4700 S STATE ST,60609,1177062.742,1873869.512,3,2,38,,41.80914302,-87.62622913,"(41.80914301786713, -87.62622913227158)"
1/12/2014,Completed,1/14/2014,14-00050383,Pot Hole in Street,Final Outcome,Pothole Patched,25,5341 N AUSTIN AVE,60630,1135208.089,1935281.857,45,16,11,,41.97856282,-87.77797889,"(41.97856282134964, -87.77797888623616)"
1/12/2014,Completed,1/14/2014,14-00050226,Pot Hole in Street,Final Outcome,Pothole Patched,7,2400 W MARQUETTE RD,60629,1161527.816,1860169.188,15,8,66,,41.77208621,-87.68350886,"(41.772086214104526, -87.68350885781568)"
1/12/2014,Completed,1/14/2014,14-00050185,Pot Hole in Street,Final Outcome,Pothole Patched,37,8623 S ASHLAND AVE,60620,1167176.057,1847535.296,21,6,71,,41.73690149,-87.66294485,"(41.736901493040264, -87.66294485180939)"
1/12/2014,Completed,1/14/2014,14-00050386,Pot Hole in Street,Final Outcome,Pothole Patched,24,3850 S LA SALLE ST,60609,1176048.023,1879262.761,3,2,34,,41.82410073,-87.62979187,"(41.824100731008414, -87.62979186609309)"
1/12/2014,Completed,1/14/2014,14-00050501,Pot Hole in Street,Final Outcome,Pothole Patched,5,8300 S ASHLAND AVE,60620,1167118.064,1849680.24,18,6,71,,41.74298409,-87.66339656,"(41.742984089771156, -87.66339655526848)"
1/12/2014,Completed,1/14/2014,14-00050426,Pot Hole in Street,Final Outcome,Pothole Patched,86,4700 S ASHLAND AVE,60609,1166462.831,1873554.374,20,9,61,10,41.8085116,-87.66511729,"(41.8085115972472, -87.66511729173287)"
1/12/2014,Completed,1/14/2014,14-00050415,Pot Hole in Street,Final Outcome,Pothole Patched,72,8399 W ADDISON ST,60634,1119430.79,1922852.49,36,16,76,,41.94465284,-87.8363646,"(41.94465283609009, -87.83636460025788)"
1/12/2014,Completed,1/14/2014,14-00050704,Pot Hole in Street,Final Outcome,Pothole Patched,45,7652 W TALCOTT AVE,60631,1124255.469,1939884.269,41,16,10,,41.99161778,-87.81845276,"(41.99161777781374, -87.81845275624498)"
1/12/2014,Completed,1/14/2014,14-00050957,Pot Hole in Street,Final Outcome,Pothole Patched,15,5442 N VIRGINIA AVE,60625,1155290.331,1936108.01,40,20,4,,41.98066543,-87.70447542,"(41.98066543421145, -87.70447542351543)"
1/12/2014,Completed,1/14/2014,14-00050669,Pot Hole in Street,Final Outcome,Pothole Patched,5,5999 W AUGUSTA BLVD,60651,1136185.785,1906045.587,29,15,25,,41.89824982,-87.77518251,"(41.89824982146433, -87.7751825080672)"
1/12/2014,Completed,1/14/2014,14-00050631,Pot Hole in Street,Final Outcome,Pothole Patched,2,4800 W WARNER AVE,60641,1143627.907,1927158.06,45,16,15,28,41.95626398,-87.74754701,"(41.95626398054196, -87.74754701102141)"
1/12/2014,Completed,1/14/2014,14-00050952,Pot Hole in Street,Final Outcome,Pothole Patched,1,4000 N DAMEN AVE,60618,1162300.987,1926564.625,47,19,5,38,41.95417483,-87.67890196,"(41.95417483037854, -87.67890196108463)"
1/12/2014,Completed,1/14/2014,14-00050772,Pot Hole in Street,Final Outcome,Pothole Patched,3,3950 N LAVERGNE AVE,60641,1142322.264,1925884.77,45,16,15,28,41.95306666,-87.75237063,"(41.95306665739037, -87.75237063219996)"
1/12/2014,Completed,1/14/2014,14-00050920,Pot Hole in Street,Final Outcome,Pothole Patched,2,4900 S CICERO AVE,60638,1145185.468,1871710.037,23,8,56,,41.80387715,-87.74320434,"(41.80387714659865, -87.7432043371818)"
1/12/2014,Completed - Dup,1/14/2014,14-00050270,Pot Hole in Street,,,,8100 S YATES BLVD,60617,1193595.106,1851730.018,7,4,46,,41.74800268,-87.56631806,"(41.74800267983342, -87.56631806421119)"
1/12/2014,Completed - Dup,1/14/2014,14-00050020,Pot Hole in Street,,,,6100 W WELLINGTON AVE,60634,1135209.88,1919305.452,29,25,19,,41.93487044,-87.77858255,"(41.934870436341484, -87.77858254703058)"
1/12/2014,Completed,1/17/2014,14-00051527,Pot Hole in Street,Final Outcome,Pothole Patched,3,354 W VAN BUREN ST,60607,1173991.917,1898468.857,2,1,32,,41.87691743,-87.63662977,"(41.876917430152, -87.63662976578057)"
1/12/2014,Completed - Dup,1/14/2014,14-00050321,Pot Hole in Street,,,,3400 W 59TH ST,60629,1154729.039,1865291.369,14,8,63,,41.78628051,-87.70829572,"(41.78628050826049, -87.70829571730197)"
1/12/2014,Completed - Dup,1/14/2014,14-00050097,Pot Hole in Street,,,,4300 S ASHLAND AVE,60609,1166394.349,1876201.823,12,9,61,10,41.81577843,-87.66529289,"(41.81577842690816, -87.66529289036693)"
1/12/2014,Completed - Dup,1/14/2014,14-00050334,Pot Hole in Street,,,,8700 S BLACKSTONE AVE,60619,1187639.53,1847590.253,8,4,48,50,41.73678605,-87.58827199,"(41.73678604679777, -87.58827199204208)"
1/12/2014,Completed - Dup,1/14/2014,14-00050041,Pot Hole in Street,,,,8800 S ASHLAND AVE,60620,1167208.46,1846363.16,21,22,71,,41.73388075,-87.66315894,"(41.733880749718516, -87.66315894336468)"
1/12/2014,Completed - Dup,1/14/2014,14-00049942,Pot Hole in Street,,,,6100 W WELLINGTON AVE,60634,1135209.88,1919305.452,29,25,19,,41.93487044,-87.77858255,"(41.934870436341484, -87.77858254703058)"
1/12/2014,Completed - Dup,1/14/2014,14-00049922,Pot Hole in Street,,,,5701 W MADISON ST,60644,1138165.384,1899439.642,29,15,25,,41.88008346,-87.76819989,"(41.88008346142654, -87.7681998890111)"
1/12/2014,Completed - Dup,1/14/2014,14-00049635,Pot Hole in Street,,,,524 E 80TH ST,60619,1181218.216,1852079.954,6,6,44,51,41.74946169,-87.61138774,"(41.749461692233375, -87.61138773863172)"
1/12/2014,Completed - Dup,1/14/2014,14-00049113,Pot Hole in Street,,,,2400 W 99TH ST,,1162125.844,1838922.769,0,0,0,,41.71377324,-87.68190027,"(41.71377324277545, -87.68190026760941)"
1/12/2014,Completed - Dup,1/14/2014,14-00049492,Pot Hole in Street,,,,3349 N OZARK AVE,60634,1123834.283,1921290.012,36,16,17,,41.94092499,-87.82015443,"(41.94092499157329, -87.82015442544356)"
1/12/2014,Completed - Dup,1/14/2014,14-00049142,Pot Hole in Street,,,,500 E 79TH ST,60619,1180943.279,1852737.184,6,6,69,51,41.75126944,-87.61244436,"(41.751269442221336, -87.61244435995708)"
1/12/2014,Completed,1/17/2014,14-00051452,Pot Hole in Street,Final Outcome,Pothole Patched,2,3432 E 130TH ST,60633,1201066.72,1819378.752,10,4,55,,41.65924455,-87.53985146,"(41.65924455069546, -87.53985145902585)"
1/12/2014,Completed,3/10/2014,14-00049421,Pot Hole in Street,Final Outcome,Pothole Patched,81,7100 S HOMAN AVE,60629,1154931.2,1857325.33,18,8,66,,41.76426012,-87.70784676,"(41.76426011728688, -87.70784675689283)"
1/12/2014,Completed,3/13/2014,14-00049470,Pot Hole in Street,Final Outcome,Pothole Patched,3,1600 W 86TH ST,60620,1167171.957,1847689.596,18,6,71,,41.73772274,-87.66317184,"(41.737722739596315, -87.66317184081642)"
1/12/2014,Completed,2/13/2014,14-00051478,Pot Hole in Street,Final Outcome,Pothole Patched,25,2641 W 73RD ST,60629,1159926.805,1856138.157,18,8,66,14,41.76083559,-87.68965607,"(41.760835586775926, -87.68965607157139)"
1/12/2014,Completed,2/13/2014,14-00051007,Pot Hole in Street,Final Outcome,Pothole Patched,22,2500 W 70TH ST,60629,1160917.436,1858160.533,15,8,66,14,41.76658707,-87.68580122,"(41.76658706758303, -87.68580122052647)"
1/12/2014,Completed,2/13/2014,14-00051479,Pot Hole in Street,Final Outcome,No Potholes Found,0,2709 W 72ND ST,60629,1159522.201,1856791.294,18,8,66,14,41.76263868,-87.69095853,"(41.76263867651035, -87.6909585254167)"
1/12/2014,Completed,2/13/2014,14-00051484,Pot Hole in Street,Final Outcome,Pothole Patched,27,2709 W 73RD ST,60629,1159541.247,1856126.959,18,8,66,14,41.76081579,-87.69090687,"(41.76081579044325, -87.69090687402549)"
1/12/2014,Completed,3/10/2014,14-00049383,Pot Hole in Street,Final Outcome,Pothole Patched,80,4737 W ADDISON ST,60641,1144104.09,1923512.731,30,17,15,,41.946031,-87.74603402,"(41.946030999073606, -87.74603401908611)"
1/12/2014,Completed,3/7/2014,14-00049253,Pot Hole in Street,Final Outcome,Pothole Patched,1,9650 S AVENUE J,60617,1202443.92,1841950,10,4,52,,41.71982547,-87.53422195,"(41.71982546612089, -87.53422195393028)"
1/12/2014,Completed,3/7/2014,14-00050784,Pot Hole in Street,Final Outcome,No Potholes Found,0,11473 S HOMAN AVE,60655,1155758.757,1828357.725,19,22,74,,41.68441805,-87.70528164,"(41.6844180484216, -87.70528163771297)"
1/12/2014,Completed,3/7/2014,14-00050666,Pot Hole in Street,Final Outcome,No Potholes Found,0,7100 S COTTAGE GROVE AVE,60619,1182784.755,1858113.195,5,3,69,,41.76580035,-87.60572913,"(41.76580035131893, -87.6057291269901)"
1/12/2014,Completed,3/10/2014,14-00049164,Pot Hole in Street,Final Outcome,Pothole Patched,67,8417 S SANGAMON ST,60620,1171440.715,1849017.9,21,6,71,,41.74094033,-87.64725793,"(41.74094033309497, -87.64725793245783)"
1/12/2014,Completed - Dup,3/4/2014,14-00050945,Pot Hole in Street,,,0,9501 S WESTERN AVE,60643,1162044.895,1841573.477,19,22,72,4,41.72084893,-87.68191511,"(41.720848926600524, -87.68191511255615)"
1/12/2014,Completed - Dup,3/17/2014,14-00050452,Pot Hole in Street,,,,2436 W 19TH ST,60608,1160248.91,1890670.22,28,10,31,,41.85581246,-87.6872582,"(41.85581245991063, -87.68725820006638)"
1/12/2014,Completed,3/10/2014,14-00049163,Pot Hole in Street,Final Outcome,No Potholes Found,0,919 W 84TH ST,60620,1171564.315,1849135.4,21,6,71,,41.7413742,-87.64704621,"(41.74137420407912, -87.64704620585711)"
1/12/2014,Completed - Dup,3/10/2014,14-00049491,Pot Hole in Street,,,,4737 W ADDISON ST,60641,1144104.09,1923512.731,30,17,15,,41.946031,-87.74603402,"(41.946030999073606, -87.74603401908611)"
1/12/2014,Completed,3/10/2014,14-00051214,Pot Hole in Street,Final Outcome,Pothole Patched,1,3057 S PULASKI RD,60623,1150193.998,1884022.869,22,10,30,,41.83703282,-87.72420679,"(41.837032816928456, -87.72420679217109)"
1/12/2014,Completed,3/10/2014,14-00050285,Pot Hole in Street,Final Outcome,No Potholes Found,0,5000 W KINZIE ST,60644,1142965.158,1902267.243,28,15,25,,41.88797663,-87.75050051,"(41.8879766275091, -87.75050051142779)"
1/12/2014,Completed,1/17/2014,14-00051067,Pot Hole in Street,Final Outcome,Pothole Patched,4,5100 W GUNNISON ST,60630,1141506.339,1931770.088,45,16,11,,41.96895937,-87.75521088,"(41.96895936916722, -87.75521088196481)"
1/12/2014,Completed,1/17/2014,14-00050133,Pot Hole in Street,Final Outcome,Pothole Patched,6,44 E ROOSEVELT RD,60605,1176957.64,1895076.305,2,1,32,,41.86754229,-87.62574649,"(41.867542289524124, -87.6257464887941)"
1/12/2014,Completed,3/7/2014,14-00051318,Pot Hole in Street,Final Outcome,No Potholes Found,0,7476 S SOUTH CHICAGO AVE,60619,1185473.64,1855577.73,5,3,69,,41.75873061,-87.59586801,"(41.75873061403167, -87.59586801201296)"
1/12/2014,Completed,3/7/2014,14-00051539,Pot Hole in Street,Final Outcome,Pothole Patched,100,6200 W WELLINGTON AVE,60634,1134548.425,1919288.997,36,25,19,,41.93483712,-87.7810134,"(41.934837116019686, -87.78101339955624)"
